abadfe01,Fernando Abad
abbotji01,Jim Abbott
abbotky01,Kyle Abbott
abbotpa01,Paul Abbott
aceveal01,Alfredo Aceves
acevejo01,Jose Acevedo
aceveju01,Juan Acevedo
ackerji01,Jim Acker
adamsjo02,Joel Adamson
adamste01,Terry Adams
adamswi02,Willie Adams
adcocna01,Nathan Adcock
adenhni01,Nick Adenhart
adkinst01,Steve Adkins
adlemti01,Tim Adleman
affelje01,Jeremy Affeldt
agostju01,Juan Agosto
aguilri01,Rick Aguilera
ahearpa01,Pat Ahearne
ainswku01,Kurt Ainsworth
alberan01,Andrew Albers
alberjo01,Jose Alberro
alberma01,Matt Albers
alcanra01,Raul Alcantara
aldresc01,Scott Aldred
alexage01,Gerald Alexander
almanca01,Carlos Almanzar
alvarab01,Abe Alvarez
alvarhe01,Henderson Alvarez
alvarjo02,Jose Alvarez
alvarta01,Tavo Alvarez
alvarvi01,Victor Alvarez
alvarwi01,Wilson Alvarez
anderal02,Allan Anderson
anderbr02,Brian Anderson
anderbr04,Brett Anderson
anderch01,Chase Anderson
anderco01,Cody Anderson
anderji02,Jimmy Anderson
andersc01,Scott Anderson
anderty01,Tyler Anderson
andrecl01,Clayton Andrews
andrima01,Matt Andriese
andujlu01,Luis Andujar
ankieri01,Rick Ankiel
appieke01,Kevin Appier
aquinlu01,Luis Aquino
archech01,Chris Archer
ariasal02,Alberto Arias
armasto02,Tony Armas
armstja01,Jack Armstrong
arnolja01,Jamie Arnold
arochre01,Rene Arocha
arrieja01,Jake Arrieta
arrojro01,Rolando Arrojo
arroybr01,Bronson Arroyo
asencmi01,Miguel Asencio
ashbyan01,Andy Ashby
asheral01,Alec Asher
assenpa01,Paul Assenmacher
astacez01,Ezequiel Astacio
astacpe01,Pedro Astacio
atchisc01,Scott Atchison
atilalu01,Luis Atilano
atkinmi01,Mitch Atkins
augenbr01,Bryan Augenstein
augusdo01,Don August
aumonph01,Phillippe Aumont
austije01,Jeff Austin
averyst01,Steve Avery
axelrdy01,Dylan Axelrod
ayalabo01,Bobby Ayala
aybarma01,Manny Aybar
backebr01,Brandon Backe
bacsimi02,Mike Bacsik
badenbu01,Burke Badenhop
baekch01,Cha-Seung Baek
baezda01,Danys Baez
baileho02,Homer Bailey
bailero01,Roger Bailey
bakersc02,Scott Baker
baldwja01,James Baldwin
balejo01,John Bale
balesco01,Collin Balester
balfogr01,Grant Balfour
ballaje01,Jeff Ballard
bankhsc01,Scott Bankhead
banksjo01,Josh Banks
bankswi01,Willie Banks
bannibr01,Brian Bannister
banuema01,Manny Banuelos
barbebr02,Brian Barber
barcelo01,Lorenzo Barcelo
bardda01,Daniel Bard
barfijo01,John Barfield
barnebr01,Brian Barnes
barnema01,Matt Barnes
baronda01,Daniel Barone
barryke01,Kevin Barry
barthji01,Jimmy Barthmaier
bassan01,Anthony Bass
bassbr01,Brian Bass
bassich01,Chris Bassitt
bastaan01,Antonio Bastardo
batismi01,Miguel Batista
bauerri01,Rick Bauer
bauertr01,Trevor Bauer
bauertr03,no_name
bautide01,Denny Bautista
bautijo01,Jose Bautista
bazaryo01,Yorman Bazardo
beachbr01,Brandon Beachy
bearske01,Kevin Bearse
beavabl01,Blake Beavan
beckch02,Chris Beck
beckejo02,Josh Beckett
bedarer01,Erik Bedard
beechma01,Matt Beech
beeleda01,Dallas Beeler
beimejo01,Joe Beimel
beirnke01,Kevin Beirne
belchti01,Tim Belcher
belisma01,Matt Belisle
beller01,Eric Bell
bellro01,Rob Bell
belltr01,Trevor Bell
belowdu01,Duane Below
beltrom01,Omar Beltre
beltrri01,Rigo Beltran
benesal01,Alan Benes
benesan01,Andy Benes
benneje01,Jeff Bennett
bennejo02,Joel Bennett
bennesh01,Shayne Bennett
benoijo01,Joaquin Benoit
bensokr01,Kris Benson
bereja01,Jason Bere
berenju01,Juan Berenguer
bergebr02,Brad Bergesen
bergmch01,Christian Bergman
bergmja01,Jason Bergmann
bergmse01,Sean Bergman
berkeja01,Jason Berken
bernead01,Adam Bernero
berrijo01,Jose Berrios
bertomi01,Mike Bertotti
betande01,Dellin Betances
bettich01,Chad Bettis
beverja01,Jason Beverlin
bevilbr01,Brian Bevil
biddlro01,Rocky Biddle
bielemi01,Mike Bielecki
bierbni01,Nick Bierbrodt
billich01,Chad Billingsley
birkbmi01,Mike Birkbeck
birkiku01,Kurt Birkins
blackbu02,Bud Black
blackni01,Nick Blackburn
blacktr01,Travis Blackley
blairaa01,Aaron Blair
blairwi01,Willie Blair
blankke01,Kevin Blankenship
blankma01,Matt Blank
blantjo01,Joe Blanton
blylebe01,Bert Blyleven
boddimi01,Mike Boddicker
boehrbr01,Brian Boehringer
boggsmi01,Mitchell Boggs
bohanbr01,Brian Bohanon
bolsimi01,Mike Bolsinger
boltoro01,Rod Bolton
boltoto01,Tom Bolton
bondeje01,Jeremy Bonderman
bonesri01,Ricky Bones
bongju01,Jung Bong
bonilli01,Lisalverto Bonilla
bonined01,Eddie Bonine
bonsebo01,Boof Bonser
booneda02,Danny Boone
bootcch01,Chris Bootcheck
borkoda01,Dave Borkowski
borowjo01,Joe Borowski
boscawi01,Wilfredo Boscan
bosioch01,Chris Bosio
boskish01,Shawn Boskie
botteke01,Kent Bottenfield
bouchde01,Denis Boucher
bourgst01,Steve Bourgeois
bowdemi01,Michael Bowden
bowenry01,Ryan Bowen
bowersh01,Shane Bowers
bowiemi01,Micah Bowie
boydma01,Matt Boyd
boydoi01,Oil Can Boyd
bradeda01,Dallas Braden
bradlar01,Archie Bradley
bradlry01,Ryan Bradley
brantcl01,Cliff Brantley
brantje01,Jeff Brantley
braulst01,Steven Brault
brazede01,Dewon Brazelton
breale01,Leslie Brea
brennwi01,William Brennan
breslcr01,Craig Breslow
brewija01,Jamie Brewington
brinkbr01,Brad Brink
briscjo01,John Briscoe
britoeu01,Eude Brito
brittza01,Zach Britton
broadla01,Lance Broadway
brocado01,Doug Brocail
brockch01,Chris Brock
brookaa01,Aaron Brooks
brookfr01,Frank Brooks
broweji01,Jim Brower
brownke01,Kevin Brown
brownke02,Keith Brown
brownke03,Kevin Brown
brownma04,Mark Brownson
brownto05,Tom Browning
browsc01,Scott Brow
brummgr01,Greg Brummett
brunebr01,Brian Bruney
bruskji01,Jim Bruske
buchada01,David Buchanan
buchaja01,Jake Buchanan
buchhcl01,Clay Buchholz
buchhta01,Taylor Buchholz
bucknbi02,Billy Buckner
buddimi01,Mike Buddie
buehrma01,Mark Buehrle
buentja01,Jay Buente
bullibr01,Bryan Bullington
bulliji01,Jim Bullinger
bumgama01,Madison Bumgarner
bumpna01,Nate Bump
bunchme01,Melvin Bunch
bundydy01,Dylan Bundy
burbada01,Dave Burba
burgoam01,Ambiorix Burgos
burgohi01,Hiram Burgos
burkejo03,John Burkett
burkejo04,John Burke
burnea.01,A.J. Burnett
burnese01,Sean Burnett
burnsmi01,Mike Burns
burnsto02,Todd Burns
burrebr01,Brian Burres
burrote01,Terry Burrows
busbymi01,Mike Busby
bushda01,Dave Bush
butleed01,Eddie Butler
bynummi01,Mike Bynum
byrdpa01,Paul Byrd
cabreda01,Daniel Cabrera
cabreed01,Edwar Cabrera
cabrejo01,Jose Cabrera
cadargr01,Greg Cadaret
cahiltr01,Trevor Cahill
cainma01,Matt Cain
calerki01,Kiko Calero
callami01,Mickey Callaway
campbji03,Jim Campbell
campbke01,Kevin Campbell
campbmi01,Mike Campbell
campijo01,Jorge Campillo
candejo01,John Candelaria
candito01,Tom Candiotti
capeljo01,Jose Capellan
capuach01,Chris Capuano
carlybu01,Buddy Carlyle
carmado01,Don Carman
carmofa01,Roberto Hernandez
carmora01,Rafael Carmona
carpean01,Drew Carpenter
carpech01,Chris Carpenter
carraca01,Carlos Carrasco
carradj01,D.J. Carrasco
carragi01,Giovanni Carrara
carrahe01,Hector Carrasco
carrejo01,Joel Carreno
carrice01,Cesar Carrillo
carrosc02,Scott Carroll
carteje01,Jeff Carter
cartela01,Larry Carter
carych01,Chuck Cary
cashnan01,Andrew Cashner
casiala01,Larry Casian
casseja01,Jack Cassel
castica02,Carlos Castillo
castifr01,Frank Castillo
castiju02,Juan Castillo
castito02,Tony Castillo
castrfa01,Fabio Castro
cecilbr01,Brett Cecil
cerutjo01,John Cerutti
cessalu01,Luis Cessa
chacigu01,Gustavo Chacin
chacijh01,Jhoulys Chacin
chacosh01,Shawn Chacon
chafian01,Andrew Chafin
chambjo03,Joba Chamberlain
charlno01,Norm Charlton
chatwty01,Tyler Chatwood
chatwty03,no_name
chaveje01,Jesse Chavez
checoro01,Robinson Checo
chenbr01,Bruce Chen
chenwe02,Wei-Yin Chen
chiamsc01,Scott Chiamparino
chicoma01,Matt Chico
choji01,Jin Ho Cho
chouibo01,Bobby Chouinard
cingrto01,Tony Cingrani
clancji01,Jim Clancy
clarkma01,Mark Clark
clarkte01,Terry Clark
claryma01,Marty Clary
clausbr01,Brandon Claussen
clemema01,Matt Clement
clemepa02,Paul Clemens
clemero02,Roger Clemens
clemoch01,Chris Clemons
clevimi01,Mike Clevinger
clippty01,Tyler Clippard
cloudke01,Ken Cloude
cloydty01,Tyler Cloyd
cobbal01,Alex Cobb
cocopa01,Pasqual Coco
codirch01,Chris Codiroli
coffmke01,Kevin Coffman
coggida01,Dave Coggin
cokeph01,Phil Coke
coleaj01,A.J. Cole
colege01,Gerrit Cole
colemca01,Casey Coleman
colevi01,Victor Cole
collmjo01,Josh Collmenter
colomal01,Alex Colome
colonba01,Bartolo Colon
colonro01,Roman Colon
combspa01,Pat Combs
condrcl01,Clay Condrey
coneda01,David Cone
conlead01,Adam Conley
contrjo01,Jose Contreras
conveji01,Jim Converse
cookaa01,Aaron Cook
cookde01,Dennis Cook
cookest01,Steve Cooke
cooneti01,Tim Cooney
coopebr01,Brian Cooper
copelsc01,Scott Copeland
coppiro01,Rocky Coppinger
corbipa01,Patrick Corbin
corcida01,Daniel Corcino
corcoti02,Tim Corcoran
cordofr01,Francisco Cordova
cormila01,Lance Cormier
cormirh01,Rheal Cormier
cornebr01,Brad Cornett
cornena01,Nate Cornejo
cornere01,Reid Cornelius
correke01,Kevin Correia
cosarja01,Jarred Cosart
cottojh01,Jharel Cotton
cottsne01,Neal Cotts
coxda01,Danny Cox
cramebo01,Bobby Cramer
cravyty01,Tyler Cravy
crawfca01,Carlos Crawford
crawfjo01,Joe Crawford
crawfpa02,Paxton Crawford
creekdo01,Doug Creek
crewsti01,Tim Crews
crimch01,Chuck Crim
crosbca01,Casey Crosby
croweji01,Jim Crowell
crucefr01,Francisco Cruceta
crudami01,Mike Crudale
cruzju02,Juan Cruz
cruzne01,Nelson Cruz
cuetojo01,Johnny Cueto
cummijo01,John Cummings
cummist01,Steve Cummings
cumptbr01,Brandon Cumpton
cunnawi01,Will Cunnane
d'amije01,Jeff D'Amico
d'amije02,Jeff D'Amico
daalom01,Omar Daal
daiglca01,Casey Daigle
danekpa01,Pat Daneker
danksjo01,John Danks
darliro01,Ron Darling
darnelo01,Logan Darnell
darviyu01,Yu Darvish
darwida01,Danny Darwin
davieky01,Kyle Davies
davieza02,Zach Davies
davisdo02,Doug Davis
davisja02,Jason Davis
daviska01,Kane Davis
davisla01,Lance Davis
davisma01,Mark Davis
davisst02,Storm Davis
davisti01,Tim Davis
daviswa01,Wade Davis
dawlejo01,Joey Dawley
dayza01,Zach Day
deagoro01,Roger Deago
deanpa02,Pat Dean
dedunsa01,Sam Deduno
degroja01,Jacob deGrom
dejeami01,Mike DeJean
dejesjo01,Jose de Jesus
delaceu01,Frankie De La Cruz
delacjo01,Joel De La Cruz
delarru01,Rubby De La Rosa
deleojo01,Jose DeLeon
deleojo03,Jose De Leon
delgara01,Randall Delgado
deloslu02,Luis de los Santos
delosva01,Valerio De Los Santos
deltomi01,Miguel Del Toro
delucri01,Rich DeLucia
dempsry01,Ryan Dempster
denneky01,Kyle Denney
depaujo01,Jorge De Paula
desalma01,Matt DeSalvo
desclan01,Anthony DeSclafani
deshaji01,Jim Deshaies
desiljo01,John DeSilva
despaod01,Odrisamer Despaigne
desseel01,Elmer Dessens
dettmjo01,John Dettmer
detwiro01,Ross Detwiler
devench02,Chris Devenski
devrico01,Cole De Vries
diamosc01,Scott Diamond
diamoth01,Thomas Diamond
diazfe01,Felix Diaz
dicker.01,R.A. Dickey
dicksbr01,Brandon Dickson
dicksja01,Jason Dickson
dicksla01,Lance Dickson
diggibe01,Ben Diggins
dinarle01,Lenny DiNardo
dishmgl01,Glenn Dishman
doherjo02,John Doherty
dominju01,Juan Dominguez
dopsojo01,John Dopson
doteloc01,Octavio Dotel
dotsori01,Richard Dotson
doubrfe01,Felix Doubront
douglse01,Sean Douglass
downske01,Kelly Downs
downssc01,Scott Downs
drabedo01,Doug Drabek
drabeky01,Kyle Drabek
drapemi01,Mike Draper
dreifda01,Darren Dreifort
dresery01,Ryan Drese
dresski01,Kirk Dressendorfer
drewti01,Tim Drew
dreyest01,Steve Dreyer
drisktr01,Travis Driskill
drummti01,Tim Drummond
duboibr01,Brian Dubois
duboser01,Eric DuBose
duchsju01,Justin Duchscherer
duckwbr01,Brandon Duckworth
duensbr01,Brian Duensing
duffety01,Tyler Duffey
duffyda01,Danny Duffy
dukeza01,Zach Duke
dumatph01,Phil Dumatrait
dunnemi01,Mike Dunne
durbich01,Chad Durbin
durbijd01,J.D. Durbin
dyermi01,Mike Dyer
dysonsa01,Sam Dyson
eatonad01,Adam Eaton
eavega01,Gary Eave
edensto01,Tom Edens
edwarwa01,Wayne Edwards
eflinza01,Zach Eflin
eickhje01,Jerad Eickhoff
eilanda01,Dave Eiland
elartsc01,Scott Elarton
eldreca01,Cal Eldred
eliasro01,Roenis Elias
elliodo01,Donnie Elliott
ellisro02,Robert Ellis
elyjo01,John Ely
embreal01,Alan Embree
ennisjo01,John Ennis
enrigba01,Barry Enright
eovalna01,Nathan Eovaldi
erickjo01,John Ericks
ericksc01,Scott Erickson
erlinro01,Robbie Erlin
eschja01,Jake Esch
escobed02,Edwin Escobar
escobke01,Kelvim Escobar
eshelva01,Vaughn Eshelman
esposmi01,Mike Esposito
estessh01,Shawn Estes
estraho01,Horacio Estrada
estrama01,Marco Estrada
estrama03,no_name
etherse01,Seth Etherton
evelada01,Dana Eveland
eversbr01,Bryan Eversgerd
eyresc01,Scott Eyre
eyrewi01,Willie Eyre
fajarhe01,Hector Fajardo
familje01,Jeurys Familia
farmebu01,Buck Farmer
farmeho01,Howard Farmer
farmemi01,Mike Farmer
farnsky01,Kyle Farnsworth
farrejo03,John Farrell
farrst01,Steve Farr
fasseje01,Jeff Fassero
feierry01,Ryan Feierabend
feldmsc01,Scott Feldman
felizne01,Neftali Feliz
fernaal01,Alex Fernandez
fernaja01,Jared Fernandez
fernajo02,Jose Fernandez
fernaos01,Osvaldo Fernandez
fernasi01,Sid Fernandez
fettemi01,Mike Fetters
fiersmi01,Mike Fiers
fiersmi03,no_name
fifest01,Stephen Fife
figaral01,Alfredo Figaro
figuene01,Nelson Figueroa
filerto01,Tom Filer
filsope01,Pete Filson
finlech01,Chuck Finley
finnebr01,Brandon Finnegan
finnebr03,no_name
finnvga01,Gar Finnvold
fioreto01,Tony Fiore
fishebr01,Brian Fisher
fistedo01,Doug Fister
flanami01,Mike Flanagan
flandyo01,Yohan Flande
flemida01,Dave Fleming
flenehu01,Huck Flener
floreke01,Kendry Flores
florera01,Randy Flores
floribr01,Bryce Florie
floydga01,Gavin Floyd
flynnbr01,Brian Flynn
foggjo01,Josh Fogg
foltymi01,Mike Foltynewicz
fontejo01,Joe Fontenot
foppeje01,Jesse Foppert
fordbe01,Ben Ford
fordhto01,Tom Fordham
fordma01,Matt Ford
fortuti01,Tim Fortugno
fossuca01,Casey Fossum
fosteke01,Kevin Foster
fostest01,Steve Foster
foulkke01,Keith Foulke
foxma01,Matt Fox
francje01,Jeff Francis
frankry01,Ryan Franklin
frankwa01,Wayne Franklin
frascjo01,John Frascatore
frasewi01,Willie Fraser
freemma02,Marvin Freeman
frenclu01,Luke French
friasca01,Carlos Frias
friedch01,Christian Friedrich
fulmemi01,Michael Fulmer
fultzaa01,Aaron Fultz
furbuch01,Charlie Furbush
fussech01,Chris Fussell
fyhrimi01,Mike Fyhrie
gabbaka01,Kason Gabbard
gabinar01,Armando Gabino
gagneer01,Eric Gagne
gakelda01,Dan Gakeler
galarar01,Armando Galarraga
gallase01,Sean Gallagher
gallayo01,Yovani Gallardo
gantjo01,John Gant
garcefr01,Frank Garces
garcifr03,Freddy Garcia
garcija02,Jaime Garcia
garcira03,Ramon Garcia
garciyi01,Yimi Garcia
gardimi01,Mike Gardiner
gardnch01,Chris Gardner
gardnma01,Mark Gardner
gardnwe01,Wes Gardner
garibda01,Daniel Garibay
garlajo01,Jon Garland
garresc01,Scott Garrelts
garzama01,Matt Garza
gassnda01,Dave Gassner
gastjo01,John Gast
gaudich01,Chad Gaudin
gausmke01,Kevin Gausman
geedi01,Dillon Gee
geerjo01,Josh Geer
geltzst01,Steve Geltz
georgch01,Chris George
georgch02,Chris George
germaju01,Justin Germano
germego01,Gonzalez Germen
gibsoky01,Kyle Gibson
gibsopa01,Paul Gibson
gieseda01,Dan Giese
gilmase01,Sean Gilmartin
gintema01,Matt Ginter
giolilu01,Lucas Giolito
gissech01,Chris Gissell
givenbr01,Brian Givens
glasnty01,Tyler Glasnow
glavito02,Tom Glavine
glinage01,George Glinatsis
glovega01,Gary Glover
glynnry01,Ryan Glynn
gobblji01,Jimmy Gobble
godfrgr01,Graham Godfrey
godleza01,Zack Godley
gohrgr01,Greg Gohr
gomezje01,Jeanmar Gomez
gomezpa01,Pat Gomez
gonzach01,Chi Chi Gonzalez
gonzadi01,Dicky Gonzalez
gonzaed01,Edgar Gonzalez
gonzaen01,Enrique Gonzalez
gonzagi01,Gio Gonzalez
gonzaje01,Geremi Gonzalez
gonzama02,Marco Gonzales
gonzami03,Miguel Gonzalez
gonzase01,Severino Gonzalez
goodan01,Andrew Good
goodedw01,Dwight Gooden
gordobr01,Brian Gordon
gordoto01,Tom Gordon
gorecri01,Rick Gorecki
gorzeto01,Tom Gorzelanny
goslimi01,Mike Gosling
gozzoma01,Mauro Gozzo
gracemi02,Mike Grace
grahajr01,J.R. Graham
grahejo01,Joe Grahe
gramaal01,Alex Graman
grangje01,Jeff Granger
grantma01,Mark Grant
gratebe01,Beiker Graterol
graveda01,Danny Graves
graveke01,Kendall Graveman
grayjo02,Jon Gray
grayso01,Sonny Gray
greench03,Chad Green
greenni02,Nick Greenwood
greensh02,Shane Greene
greenst01,Steve Green
greento01,Tommy Greene
greenty01,Tyler Green
greggke01,Kevin Gregg
greinza01,Zack Greinke
greinza03,no_name
greisse01,Seth Greisinger
griffaj01,A.J. Griffin
griffaj03,no_name
griffje01,Jeremy Griffiths
grillja01,Jason Grilli
grimmju01,Justin Grimm
grimsja01,Jason Grimsley
groombu01,Buddy Groom
grosske01,Kevin Gross
grosski01,Kip Gross
gsellro01,Robert Gsellman
guantce01,Cecilio Guante
guarded01,Eddie Guardado
gubicma01,Mark Gubicza
guerrju02,Junior Guerra
guerrma02,Matt Guerrier
gullibi01,Bill Gullickson
gundeer01,Eric Gunderson
guthrje01,Jeremy Guthrie
guthrma01,Mark Guthrie
gutieju01,J.C. Gutierrez
guzmaan01,Angel Guzman
guzmage01,Geraldo Guzman
guzmajo01,Jose Guzman
guzmaju01,Juan Guzman
haasda01,Dave Haas
hackeer01,Eric Hacker
hackmlu01,Luther Hackman
haegech01,Charlie Haeger
hahnje01,Jesse Hahn
halamjo01,John Halama
haleda02,David Hale
hallaro01,Roy Halladay
halljo03,Josh Hall
halsebr01,Brad Halsey
hamelco01,Cole Hamels
hamiljo02,Joey Hamilton
hammaat01,Atlee Hammaker
hammeja01,Jason Hammel
hammoch01,Chris Hammond
hampsju01,Justin Hampson
hamptmi01,Mike Hampton
hancojo01,Josh Hancock
hancory01,Ryan Hancock
handbr01,Brad Hand
handdo01,Donovan Hand
haneych01,Chris Haney
hanrajo01,Joel Hanrahan
hansade01,Devern Hansack
hansoer01,Erik Hanson
hansoto01,Tommy Hanson
happja01,J.A. Happ
haranaa01,Aaron Harang
harderi01,Rich Harden
harenda01,Dan Haren
harikti01,Tim Harikkala
harkemi01,Mike Harkey
harnipe01,Pete Harnisch
harpetr01,Travis Harper
harrelu01,Lucas Harrell
harride01,Denny Harriger
harrige01,Gene Harris
harrigr01,Greg Harris
harrigr02,Greg Harris
harrije02,Jeff Harris
harrima01,Matt Harrison
harripe01,Pep Harris
harrire01,Reggie Harris
hartke01,Kevin Hart
hartlmi01,Mike Hartley
harvema01,Matt Harvey
hasegsh01,Shigetoshi Hasegawa
hathahi01,Hilly Hathaway
hawkian01,Andy Hawkins
hawkila01,LaTroy Hawkins
hawksbl01,Blake Hawksworth
hayhudi01,Dirk Hayhurst
hayneji01,Jimmy Haynes
heanean01,Andrew Heaney
heatone01,Neal Heaton
hefneje01,Jeremy Hefner
heilmaa01,Aaron Heilman
hellije01,Jeremy Hellickson
helliri01,Rick Helling
hellwjo01,Johnny Hellweg
hendero01,Rod Henderson
hendrbe01,Ben Hendrickson
hendrky01,Kyle Hendricks
hendrli01,Liam Hendriks
hendrma01,Mark Hendrickson
hennebr01,Brad Hennessey
hennira01,Randy Hennis
hennse01,Sean Henn
henrybu01,Butch Henry
henrydw01,Dwayne Henry
henslcl01,Clay Hensley
hentgpa01,Pat Hentgen
heredfe01,Felix Heredia
heredgi01,Gil Heredia
hergema01,Matt Herges
hermadu01,Dustin Hermanson
hernaad01,Adrian Hernandez
hernaca03,Carlos Hernandez
hernada01,David Hernandez
hernafe02,Felix Hernandez
hernali01,Livan Hernandez
hernaor01,Orlando Hernandez
hernape02,Pedro Hernandez
hernaro01,Roberto Hernandez
hernaru03,Runelvys Hernandez
hernaxa01,Xavier Hernandez
herndju01,Junior Herndon
herreyo01,Yoslan Herrera
hershor01,Orel Hershiser
heskejo01,Joe Hesketh
hestoch01,Chris Heston
hetzeer01,Eric Hetzel
hibbagr01,Greg Hibbard
hickebr01,Bryan Hickerson
higuete01,Teddy Higuera
hiljuer01,Erik Hiljus
hillesh01,Shawn Hillegas
hillke01,Ken Hill
hillmer01,Eric Hillman
hillri01,Rich Hill
hillsh01,Shawn Hill
hillta01,Taylor Hill
hinchbr01,Brett Hinchliffe
hirshja01,Jason Hirsh
hitchst01,Sterling Hitchcock
hochelu01,Luke Hochevar
hodgetr01,Trey Hodges
hoffmje02,Jeff Hoffman
hollade01,Derek Holland
holmabr01,Brian Holman
holmbda01,David Holmberg
holmeda01,Darren Holmes
holtch01,Chris Holt
holzema01,Mark Holzemer
hopejo01,John Hope
houghch01,Charlie Hough
houltdj01,D.J. Houlton
housetj01,T.J. House
howarbe01,Ben Howard
howeljp01,J.P. Howell
howelke01,Ken Howell
hudsoda01,Daniel Hudson
hudsolu01,Luke Hudson
hudsoti01,Tim Hudson
huffda01,David Huff
hughedu01,Dusty Hughes
hugheph01,Phil Hughes
humbeph01,Philip Humber
hunteji01,Jim Hunter
hunteri01,Rich Hunter
hunteto02,Tommy Hunter
hurleer01,Eric Hurley
hurstbr01,Bruce Hurst
hurstjo01,Jonathan Hurst
hurtaed01,Edwin Hurtado
hutchdr01,Drew Hutchison
huttoma01,Mark Hutton
igawake01,Kei Igawa
iglesra01,Raisel Iglesias
ignasmi01,Mike Ignasiak
irabuhi01,Hideki Irabu
irwinph01,Phil Irwin
ishiika01,Kazuhisa Ishii
isrinja01,Jason Isringhausen
iwakuhi01,Hisashi Iwakuma
izquiha02,Hansel Izquierdo
jacksda02,Danny Jackson
jacksed01,Edwin Jackson
jacksza01,Zach Jackson
jacomja01,Jason Jacome
jakubch01,Chris Jakubauskas
jamesch03,Chuck James
jamesde01,Delvin James
janssca01,Casey Janssen
janzema01,Marty Janzen
jarvike01,Kevin Jarvis
jeando01,Domingo Jean
jeffcmi01,Mike Jeffcoat
jenkich01,Chad Jenkins
jenkity01,Tyrell Jenkins
jenkity03,no_name
jennija01,Jason Jennings
jensery01,Ryan Jensen
jerzemi01,Mike Jerzembeck
jimence01,Cesar Jimenez
jimenjo01,Jose Jimenez
jimenmi01,Miguel Jimenez
jimenub01,Ubaldo Jimenez
jodiebr01,Brett Jodie
johnsad01,Adam Johnson
johnsal02,Alan Johnson
johnsbr02,Brian Johnson
johnsda04,Dave Johnson
johnsdo04,Doug Johns
johnser04,Erik Johnson
johnsja02,Jason Johnson
johnsje02,Jeff Johnson
johnsji04,Jim Johnson
johnsjo08,Jonathan Johnson
johnsjo09,Josh Johnson
johnskr01,Kris Johnson
johnsma05,Mark Johnson
johnsmi02,Mike Johnson
johnsra05,Randy Johnson
johnsst02,Steve Johnson
jokiser01,Eric Jokisch
jonesbo03,Bobby Jones
jonesbo04,Bobby Jones
jonesca01,Calvin Jones
jonesdo01,Doug Jones
jonesji02,Jimmy Jones
jonesma02,Marcus Jones
jonesst02,Stacy Jones
jonesto02,Todd Jones
jordata01,Taylor Jordan
juddmi01,Mike Judd
judenje01,Jeff Juden
jungeer01,Eric Junge
jungmta01,Taylor Jungmann
jurrjja01,Jair Jurrjens
kamiesc01,Scott Kamieniecki
karlsc01,Scott Karl
karnsna01,Nate Karns
karpry01,Ryan Karp
karsast01,Steve Karsay
karstje01,Jeff Karstens
kawakke01,Kenshin Kawakami
kazmisc01,Scott Kazmir
keaglgr01,Greg Keagle
keislra01,Randy Keisler
kellyca01,Casey Kelly
kellyjo05,Joe Kelly
kendrky01,Kyle Kendrick
kenneia01,Ian Kennedy
kennejo04,Joe Kennedy
kensilo01,Logan Kensing
keppebo01,Bobby Keppel
kershcl01,Clayton Kershaw
kershja01,Jason Kershner
keuchda01,Dallas Keuchel
keyji01,Jimmy Key
keysebr01,Brian Keyser
kickhmi01,Mike Kickham
kidama01,Masao Kida
kieckda01,Dana Kiecker
kilbybr01,Brad Kilby
kileda01,Darryl Kile
kilgupa01,Paul Kilgus
kimby01,Byung-Hyun Kim
kimsu01,Sun-Woo Kim
kinger01,Eric King
kinnema01,Matt Kinney
kippebo01,Bob Kipper
kleinph01,Phil Klein
klinest02,Steve Kline
klingsc01,Scott Klingenbeck
klubeco01,Corey Kluber
knackbr01,Brent Knackert
kneppbo01,Bob Knepper
knighbr01,Brandon Knight
knotter01,Eric Knott
knottga01,Gary Knotts
knudsku01,Kurt Knudsen
knudsma01,Mark Knudson
koehlto01,Tom Koehler
koehlto03,no_name
kohlmry01,Ryan Kohlmeier
kominsh01,Shane Komine
koronjo01,John Koronka
kozlobe01,Ben Kozlowski
kramera01,Randy Kramer
krameto01,Tom Kramer
krivdri01,Rick Krivda
kroenza01,Zach Kroenke
kruegbi01,Bill Krueger
kuhlch01,Chad Kuhl
kuhlch03,no_name
kuoho01,Hung-Chih Kuo
kurodhi01,Hiroki Kuroda
kutzlje01,Jerry Kutzler
lackejo01,John Lackey
lackejo03,no_name
lacosmi01,Mike LaCoss
laffeaa01,Aaron Laffey
lambech01,Chris Lambert
lambjo02,John Lamb
lampde01,Dennis Lamp
lancale01,Les Lancaster
laneja01,Jason Lane
langsma01,Mark Langston
lannajo01,John Lannan
lapoida01,Dave LaPoint
larkian01,Andy Larkin
latosma01,Mat Latos
lawrebr02,Brian Lawrence
lawrese01,Sean Lawrence
laxtobr01,Brett Laxton
leakemi01,Mike Leake
leakemi03,no_name
learyti01,Tim Leary
leblawa01,Wade LeBlanc
leblawa03,no_name
lecursa01,Sam LeCure
ledezwi01,Wil Ledezma
leecl02,Cliff Lee
leesmch01,Charles Leesman
leeza01,Zach Lee
leffecr01,Craig Lefferts
leftwph01,Phil Leftwich
lehrju01,Justin Lehr
leibrch01,Charlie Leibrandt
leicejo01,Jon Leicester
leistjo01,John Leister
leiteal01,Al Leiter
leitema01,Mark Leiter
lerewan01,Anthony Lerew
leskacu01,Curt Leskanic
lestejo01,Jon Lester
levinal01,Al Levine
levraal01,Allen Levrault
lewisco01,Colby Lewis
lewisri01,Richie Lewis
lewissc01,Scott Lewis
lewissc02,Scott Lewis
lidgebr01,Brad Lidge
lidleco01,Cory Lidle
liebejo01,Jon Lieber
lillide01,Derek Lilliquist
lillyte01,Ted Lilly
limajo01,Jose Lima
linceti01,Tim Lincecum
lincobr01,Brad Lincoln
lincomi01,Mike Lincoln
lindbjo01,Josh Lindblom
linebsc01,Scott Linebrink
lintodo01,Doug Linton
lirafe01,Felipe Lira
liriafr01,Francisco Liriano
litscje01,Jesse Litsch
livinbo01,Bobby Livingston
lizra01,Radhames Liz
loaizes01,Esteban Loaiza
lobstky01,Kyle Lobstein
lockeje01,Jeff Locke
loeka01,Kameron Loe
loewead01,Adam Loewen
loeweca01,Carlton Loewer
lohseky01,Kyle Lohse
loiseri01,Rich Loiselle
loonebr01,Brian Looney
loopebr01,Braden Looper
lopezal02,Albie Lopez
lopezjo02,Jorge Lopez
lopezre01,Reynaldo Lopez
lopezro02,Rodrigo Lopez
lopezwi01,Wilton Lopez
lorenmi01,Michael Lorenzen
lorraan01,Andrew Lorraine
louxsh01,Shane Loux
lowede01,Derek Lowe
lowese01,Sean Lowe
lowryno01,Noah Lowry
ludwier01,Eric Ludwick
luebbla01,Larry Luebbers
luebkco01,Cory Luebke
lugose01,Seth Lugo
lugour01,Urbano Lugo
lylesjo01,Jordan Lyles
lynnla01,Lance Lynn
lyonbr01,Brandon Lyon
lyonscu01,Curt Lyons
lyonsty01,Tyler Lyons
macdomi01,Mike MacDougal
maddugr01,Greg Maddux
maddumi01,Mike Maddux
madribo01,Bobby Madritsch
madriwa01,Warner Madrigal
madsory01,Ryan Madson
madurca01,Calvin Maduro
maedake01,Kenta Maeda
maedake03,no_name
magilma01,Matt Magill
magnami01,Mike Magnante
magrajo01,Joe Magrane
mahayro01,Ron Mahay
mahleri01,Rick Mahler
maholpa01,Paul Maholm
mahompa01,Pat Mahomes
mainejo01,John Maine
malonma02,Matt Maloney
manaese01,Sean Manaea
mannida01,David Manning
manshje01,Jeff Manship
manzajo01,Josias Manzanillo
marakpa01,Paul Marak
marcush01,Shaun Marcum
marmoca01,Carlos Marmol
marotmi01,Mike Maroth
marquja01,Jason Marquis
marshse01,Sean Marshall
martica04,Carlos Martinez
martico01,Cody Martin
martide01,Dennis Martinez
martiet01,Ethan Martin
martijd01,J.D. Martin
martijo06,Jose Martinez
martijo07,Joe Martinez
martilu01,Luis Martinez
martini01,Nick Martinez
martipe02,Pedro Martinez
martipe03,Pedro Martinez
martira02,Ramon Martinez
martish01,Shairon Martis
masseni01,Nick Masset
masteju01,Justin Masterson
mastnto01,Tom Mastny
mateoju01,Julio Mateo
mateoju02,Juan Mateo
mathegr01,Greg Mathews
mathete01,Terry Mathews
mathido01,Doug Mathis
mathisc01,Scott Mathieson
matsuda01,Daisuke Matsuzaka
mattetr01,Troy Mattes
matthmi01,Mike Matthews
matusbr01,Brian Matusz
matzety01,Tyler Matzek
matzst01,Steven Matz
matzst03,no_name
maurebr01,Brandon Maurer
mayayu01,Yunesky Maya
mayda02,Darrell May
mayermi01,Mike Mayers
maysjo01,Joe Mays
maytr01,Trevor May
mazzavi01,Vin Mazzaro
mcallza01,Zach McAllister
mcandja01,Jamie McAndrew
mccarbr01,Brandon McCarthy
mccaski01,Kirk McCaskill
mccleky01,Kyle McClellan
mcclepa01,Paul McClellan
mccluse01,Seth McClung
mcculla01,Lance McCullers
mcculla02,Lance McCullers
mccutda01,Daniel McCutchen
mcdonbe01,Ben McDonald
mcdonja03,James McDonald
mcdowja01,Jack McDowell
mcelrch01,Chuck McElroy
mcfartj01,T.J. McFarland
mcgafan01,Andy McGaffigan
mcgowdu01,Dustin McGowan
mchugco01,Collin McHugh
mcknito01,Tony McKnight
mcleama01,Marty McLeary
mcmurcr01,Craig McMurtry
mcnicbr01,Brian McNichol
mcpheky01,Kyle McPherson
meachru01,Rusty Meacham
meadobr01,Brian Meadows
mearsch01,Chris Mears
mechegi01,Gil Meche
medinra01,Rafael Medina
medlekr01,Kris Medlen
mejiaje01,Jenrry Mejia
melenjo01,Jose Melendez
melviti01,Tim Melville
mendead01,Adalberto Mendez
mendolu01,Luis Mendoza
mendora01,Ramiro Mendoza
mengdda01,Daniel Mengden
menhapa01,Paul Menhart
mercahe01,Hector Mercado
mercejo02,Jose Mercedes
merckke01,Kent Mercker
mesajo01,Jose Mesa
meyeral01,Alex Meyer
meyerda02,Dan Meyer
micelda01,Dan Miceli
michach01,Chris Michalak
middlja01,Jason Middlebrook
mikolmi01,Miles Mikolas
milacbo01,Bob Milacki
mileywa01,Wade Miley
mileywa03,no_name
militsa01,Sam Militello
millean01,Andrew Miller
milleju01,Justin Miller
milleku01,Kurt Miller
millepa01,Paul Miller
millesh01,Shelby Miller
milletr01,Travis Miller
milletr02,Trever Miller
millewa04,Wade Miller
millsal01,Alan Mills
millsbr02,Brad Mills
millwke01,Kevin Millwood
milonto01,Tommy Milone
miltoer01,Eric Milton
mimbsmi01,Mike Mimbs
minchna01,Nate Minchey
minerza01,Zach Miner
minormi01,Mike Minor
minutgi01,Gino Minutelli
mirabpa01,Paul Mirabella
miranan01,Angel Miranda
miranar01,Ariel Miranda
mischpa01,Pat Misch
mitchbr01,Bryan Mitchell
mitchjo02,John Mitchell
mitrese01,Sergio Mitre
mlickda01,Dave Mlicki
mockga01,Garrett Mock
moehlbr01,Brian Moehler
moellde01,Dennis Moeller
mohlemi01,Mike Mohler
monasca01,Carlos Monasterios
montafr02,Frankie Montas
montera01,Rafael Montero
montgmi01,Mike Montgomery
moodyer01,Eric Moody
moorema02,Matt Moore
moorema04,no_name
mooremi01,Mike Moore
mooretr01,Trey Moore
moralfr01,Franklin Morales
morgaad01,Adam Morgan
morgami01,Mike Morgan
morilju01,Juan Morillo
morrija02,Jack Morris
morrima01,Matt Morris
morrobr01,Brandon Morrow
mortecl01,Clayton Mortensen
mortoch02,Charlie Morton
mortoke01,Kevin Morton
moscogu01,Guillermo Moscoso
moscojo01,Jon Moscot
moseldu01,Dustin Moseley
mossda01,Damian Moss
mouncto01,Tony Mounce
moyerja01,Jamie Moyer
mujiced01,Edward Mujica
muldema01,Mark Mulder
mulhote01,Terry Mulholland
mullesc01,Scott Mullen
mulveke01,Kevin Mulvey
munozar01,Arnie Munoz
munozbo01,Bobby Munoz
munozos01,Oscar Munoz
munrope01,Peter Munro
muratto01,Toru Murata
murraaj01,A.J. Murray
murrahe01,Heath Murray
murrama01,Matt Murray
musgrjo01,Joseph Musgrove
mussimi01,Mike Mussina
mutisje01,Jeff Mutis
myersbr01,Brett Myers
myersra01,Randy Myers
myersro01,Rodney Myers
myettaa01,Aaron Myette
nabhoch01,Chris Nabholz
nageocl01,Clint Nageotte
nagych01,Charles Nagy
narrosa02,Sam Narron
narvech01,Chris Narveson
nathajo01,Joe Nathan
natiojo01,Joey Nation
navarja01,Jaime Navarro
neaglde01,Denny Neagle
nealza01,Zach Neal
nealza03,no_name
neidlji01,Jim Neidlinger
nelsoge01,Gene Nelson
nelsoji02,Jimmy Nelson
nenro01,Robb Nen
neugeni01,Nick Neugebauer
nicasju01,Juan Nicasio
nichoro02,Rod Nichols
nicolju01,Justin Nicolino
niedda01,David Nied
niemaje01,Jeff Niemann
niesejo01,Jon Niese
nievefe01,Fernando Nieve
nippeal01,Al Nipper
nippedu01,Dustin Nippert
nitkoc.01,C.J. Nitkowski
noesihe01,Hector Noesi
nolaaa01,Aaron Nola
nolasri01,Ricky Nolasco
nolinse01,Sean Nolin
nolteer01,Eric Nolte
nomohi01,Hideo Nomo
norribu01,Bud Norris
norrida01,Daniel Norris
norrida03,no_name
nortoph01,Phil Norton
nosekra01,Randy Nosek
novaiv01,Ivan Nova
novoara01,Rafael Novoa
nunezjo01,Jose Nunez
nunezle01,Juan Carlos Oviedo
nunezvl01,Vladimir Nunez
nunovi01,Vidal Nuno
nyery01,Ryan Nye
o'conbr02,Brian O'Connor
o'donjo03,John O'Donoghue
oberhbr01,Brett Oberholtzer
obermwe01,Wes Obermueller
oconnmi01,Mike O'Connor
odorija01,Jake Odorizzi
ogandal01,Alexi Ogando
ogeach01,Chad Ogea
ohkato01,Tomo Ohka
ohlenro01,Ross Ohlendorf
ojalaki01,Kirt Ojala
ojedabo01,Bob Ojeda
olinst01,Steve Olin
olivaom01,Omar Olivares
olivean01,Andy Oliver
oliveda02,Darren Oliver
olivefr01,Francisco Oliveras
olmosed01,Edgar Olmos
olsenke01,Kevin Olsen
olsensc01,Scott Olsen
olsonga01,Garrett Olson
omallry01,Ryan O'Malley
ontivst02,Steve Ontiveros
oquismi01,Mike Oquist
ortegan01,Anthony Ortega
ortizra02,Ramon Ortiz
ortizru01,Russ Ortiz
osbordo01,Donovan Osborne
ostinji01,Jimmy Osting
osullse01,Sean O'Sullivan
oswalro01,Roy Oswalt
ottavad01,Adam Ottavino
ottoda01,Dave Otto
outmajo01,Josh Outman
overtdi01,Dillon Overton
owenshe02,Henry Owens
owensru01,Rudy Owens
owingmi01,Micah Owings
padilvi01,Vicente Padilla
paintla01,Lance Painter
palacvi01,Vicente Palacios
palmema01,Matt Palmer
paniajo01,Jose Paniagua
papeljo01,Jonathan Papelbon
parismi01,Mike Parisi
parkch01,Chan Ho Park
parkech01,Christian Parker
parkecl01,Clay Parker
parkeja02,Jarrod Parker
parnebo01,Bobby Parnell
parquji01,Jim Parque
parrajo01,Jose Parra
parrama01,Manny Parra
parreje01,Jeff Parrett
parrijo01,John Parrish
parrist01,Steve Parris
parrja01,James Parr
patribr01,Bronswell Patrick
pattebo01,Bob Patterson
pattejo02,John Patterson
patteke01,Ken Patterson
pattere02,Red Patterson
pattotr01,Troy Patton
pauleda01,David Pauley
paulida01,David Paulino
paulife01,Felipe Paulino
pavanca01,Carl Pavano
pavliro01,Roger Pavlik
paxtoja01,James Paxton
peacobr01,Brad Peacock
pearcjo01,Josh Pearce
peavyja01,Jake Peavy
pelfrmi01,Mike Pelfrey
pembeda01,Dave Pember
penaar01,Ariel Pena
penaji01,Jim Pena
penaju01,Juan Pena
penato03,Tony Pena
pennha01,Hayden Penn
pennybr01,Brad Penny
peralwi01,Wily Peralta
peralwi03,no_name
percitr01,Troy Percival
perdolu02,Luis Perdomo
perdolu04,no_name
perezbe01,Beltran Perez
perezca01,Carlos Perez
perezlu01,Luis Perez
perezma02,Martin Perez
perezme01,Melido Perez
perezod01,Odalis Perez
perezol01,Oliver Perez
perezpa01,Pascual Perez
perezwi01,Williams Perez
perisma01,Matt Perisho
perkida01,Dan Perkins
perkigl01,Glen Perkins
persoro01,Robert Person
peterad01,Adam Peterson
peterch01,Chris Peters
peterky01,Kyle Peterson
petityu01,Yusmeiro Petit
petkoma01,Mark Petkovsek
petryda01,Dan Petry
pettian01,Andy Pettitte
pettijo02,Jonathan Pettibone
pettyad01,Adam Pettyjohn
phelpda01,David Phelps
phelpto01,Tommy Phelps
phillja03,Jason Phillips
pichahi01,Hipolito Pichardo
pickfke01,Kevin Pickford
picoje01,Jeff Pico
pierced01,Ed Pierce
pinedlu01,Luis Pineda
pinedmi01,Michael Pineda
pineijo01,Joel Pineiro
pinoyo01,Yohan Pino
pittsji01,Jim Pittsley
plesada01,Dan Plesac
plunker01,Eric Plunk
politcl01,Cliff Politte
pomerdr01,Drew Pomeranz
ponsosi01,Sidney Ponson
porceri01,Rick Porcello
porceri03,no_name
portuma01,Mark Portugal
porzimi01,Mike Porzio
potelo01,Lou Pote
powelbr01,Brian Powell
powelde01,Dennis Powell
powelje01,Jeremy Powell
powelro01,Ross Powell
priceda01,David Price
priesed01,Eddie Priest
prietar01,Ariel Prieto
priorma01,Mark Prior
proctsc01,Scott Proctor
prokolu01,Luke Prokopec
pughti01,Tim Pugh
pulidca01,Carlos Pulido
pulsibi01,Bill Pulsipher
purceda01,David Purcey
quantpa01,Paul Quantrill
queveru01,Ruben Quevedo
quintjo01,Jose Quintana
quirira01,Rafael Quirico
radkebr01,Brad Radke
raggibr01,Brady Raggio
raleybr01,Brooks Raley
ramirel01,Elizardo Ramirez
ramirer02,Erasmo Ramirez
ramirho01,Horacio Ramirez
ramirra03,Ramon Ramirez
ramirro01,Roberto Ramirez
ramosce01,Cesar Ramos
ramosed01,Edgar Ramos
ramosma01,Mario Ramos
ramsaro01,Robert Ramsay
ranauan01,Anthony Ranaudo
randasc01,Scott Randall
randost01,Steve Randolph
rapppa01,Pat Rapp
rasmuco02,Cory Rasmus
rasmude01,Dennis Rasmussen
rasneda01,Darrell Rasner
rathga01,Gary Rath
rauchjo01,Jon Rauch
rayro01,Robert Ray
rayro02,Robbie Ray
reaco01,Colin Rea
reamebr01,Britt Reames
redditi01,Tim Redding
redmama01,Mark Redman
redmoto01,Todd Redmond
reedco01,Cody Reed
reedri01,Rick Reed
regilni01,Nick Regilio
reichda01,Dan Reichert
reinech01,Chad Reineke
reithbr01,Brian Reith
reitsch01,Chris Reitsma
rekarbr01,Bryan Rekar
remlimi01,Mike Remlinger
reuscri01,Rick Reuschel
reussje01,Jerry Reuss
reyesal01,Alberto Reyes
reyesal02,Alex Reyes
reyesan01,Anthony Reyes
reyesca01,Carlos Reyes
reyesde01,Dennys Reyes
reyesjo03,Jo-Jo Reyes
reynoar02,Armando Reynoso
reynogr01,Greg Reynolds
reynosh01,Shane Reynolds
rheinjo01,John Rheinecker
rhodear01,Arthur Rhodes
ricepa01,Pat Rice
richacl01,Clayton Richard
richaga01,Garrett Richards
richmsc01,Scott Richmond
riedljo01,John Riedling
rienzan01,Andre Rienzo
rigbybr01,Brad Rigby
rigdopa01,Paul Rigdon
righeda01,Dave Righetti
rijojo01,Jose Rijo
rileyma01,Matt Riley
rincoju01,Juan Rincon
rislebi01,Bill Risley
ritchto01,Todd Ritchie
ritzke01,Kevin Ritz
riverbe01,Ben Rivera
riverma01,Mariano Rivera
roachdo01,Donn Roach
roachja01,Jason Roach
roajo01,Joe Roa
roarkta01,Tanner Roark
robergr01,Grant Roberts
roberje02,Jeriome Robertson
roberna01,Nate Robertson
roberri02,Rich Robertson
robersi01,Sid Roberson
roberwi01,Willis Roberts
robindo01,Don Robinson
robinje01,Jeff Robinson
robinje02,Jeff Robinson
robinro01,Ron Robinson
rochfmi01,Mike Rochford
rodonca01,Carlos Rodon
rodrian01,Aneury Rodriguez
rodried05,Eduardo Rodriguez
rodrife01,Felix Rodriguez
rodrifr02,Frankie Rodriguez
rodrine01,Nerio Rodriguez
rodriri02,Rich Rodriguez
rodriri03,Ricardo Rodriguez
rodriwa01,Wandy Rodriguez
rogeres01,Esmil Rogers
rogerke01,Kenny Rogers
rogerke02,Kevin Rogers
rogerma01,Mark Rogers
romeren01,Enny Romero
romerj.01,J.C. Romero
romerri01,Ricky Romero
roneyma01,Matt Roney
roperjo01,John Roper
roquera01,Rafael Roque
rosadjo01,Jose Rosado
rosajo01,Jorge De La Rosa
rosarfr01,Francisco Rosario
rosarro01,Rodrigo Rosario
rosebr01,Brian Rose
rosenbj01,B.J. Rosenberg
rossejo01,Joe Rosselli
rossjo01,Joe Ross
rossro01,Robbie Ross
rossty01,Tyson Ross
rothmi01,Michael Roth
rowlary01,Ryan Rowland-Smith
rucindr01,Drew Rucinski
ruebema01,Matt Ruebel
rueteki01,Kirk Rueter
ruffcsc01,Scott Ruffcorn
ruffibr01,Bruce Ruffin
runzlda01,Dan Runzler
rupejo01,Josh Rupe
rupery01,Ryan Rupe
ruschgl01,Glendon Rusch
rusinch01,Chris Rusin
russeja02,James Russell
ryanja04,Jason Ryan
ryanke01,Ken Ryan
ryanky01,Kyle Ryan
ryanno01,Nolan Ryan
ryuhy01,Hyun-Jin Ryu
ryuja01,Jae Kuk Ryu
rzepcma01,Marc Rzepczynski
saarlki01,Kirk Saarloos
sabatc.01,CC Sabathia
saberbr01,Bret Saberhagen
sadleca02,Casey Sadler
sadowry01,Ryan Sadowski
saenzch01,Chris Saenz
sagera.01,A.J. Sager
saipemi01,Mike Saipe
salazda01,Danny Salazar
salech01,Chris Sale
salkero01,Roger Salkeld
samarje01,Jeff Samardzija
sampebi01,Bill Sampen
sampsad01,Adrian Sampson
sampsbe01,Benj Sampson
sampsch01,Chris Sampson
sampske01,Keyvius Sampson
sanabal01,Alex Sanabia
sanchaa01,Aaron Sanchez
sanchan01,Anibal Sanchez
sanchbr01,Brian Sanches
sanchje01,Jesus Sanchez
sanchjo01,Jonathan Sanchez
sandesc01,Scott Sanderson
sandesc02,Scott Sanders
sanfomo01,Mo Sanford
santaer01,Ervin Santana
santajo02,Johan Santana
santaju01,Julio Santana
santihe01,Hector Santiago
santihe03,no_name
santovi01,Victor Santos
sarfade01,Dennis Sarfate
saundjo01,Joe Saunders
saundto01,Tony Saunders
scanlbo01,Bob Scanlan
schatda01,Dan Schatzeder
scheiri02,Rich Scheid
schepta01,Tanner Scheppers
scherma01,Max Scherzer
scherma03,no_name
schilcu01,Curt Schilling
schirca01,Calvin Schiraldi
schmija01,Jason Schmidt
schoesc01,Scott Schoeneweis
schoupe01,Pete Schourek
schrest02,Steve Schrenk
schwich01,Chris Schwinden
scottmi03,Mike Scott
scuddsc01,Scott Scudder
searcst01,Steve Searcy
seddoch01,Chris Seddon
sedlash01,Shawn Sedlacek
segovza01,Zack Segovia
seleaa01,Aaron Sele
seminfr01,Frank Seminara
seoja01,Jae Weong Seo
serafda01,Dan Serafini
serraji01,Jimmy Serrano
serrawa01,Wascar Serrano
servisc01,Scott Service
severlu01,Luis Severino
severlu03,no_name
shawje01,Jeff Shaw
shearto01,Tom Shearn
sheetbe01,Ben Sheets
shephke01,Keith Shepherd
shielja01,Jason Shiell
shielja02,James Shields
shielsc01,Scot Shields
shiplbr01,Braden Shipley
shoemma01,Matt Shoemaker
shower01,Eric Show
shumaan01,Anthony Shumaker
sikorbr01,Brian Sikorski
silvaca01,Carlos Silva
silvajo01,Jose Silva
silvawa01,Walter Silva
simonal01,Alfredo Simon
simondo01,Doug Simons
simonja01,Jason Simontacchi
sirotmi01,Mike Sirotka
skaggty01,Tyler Skaggs
slocubr01,Brian Slocum
sloweke01,Kevin Slowey
slusajo01,Joe Slusarski
smallaa01,Aaron Small
smilejo01,John Smiley
smithbr01,Bryn Smith
smithbu02,Bud Smith
smithbu03,Burch Smith
smithch07,Chuck Smith
smithda04,Dar Smith
smithda05,Dan Smith
smithda07,Dan Smith
smithgr02,Greg Smith
smithjo07,Josh Smith
smithmi06,Mike Smith
smithpe02,Pete Smith
smithro01,Roy Smith
smithro03,Roy Smith
smithtr01,Travis Smith
smithwi04,Will Smith
smithza01,Zane Smith
smoltjo01,John Smoltz
smylydr01,Drew Smyly
smylydr03,no_name
smythst01,Steve Smyth
snellbl01,Blake Snell
snellia01,Ian Snell
snydejo02,John Snyder
snydeky01,Kyle Snyder
soderst01,Steve Soderstrom
sodowcl01,Clint Sodowsky
soleral01,Alay Soler
sonnaan01,Andy Sonnanstine
soriara01,Rafael Soriano
sosahe01,Henry Sosa
sosajo02,Jorge Sosa
sowerje01,Jeremy Sowers
sparkst01,Steve Sparks
speigle01,Levale Speigner
spencst02,Stan Spencer
spoljpa01,Paul Spoljaric
spradje01,Jerry Spradlin
sprinde01,Dennis Springer
sprinru01,Russ Springer
spruize01,Zeke Spruill
spurgja01,Jay Spurgeon
stammcr01,Craig Stammen
standja01,Jason Standridge
stanfja01,Jason Stanford
stantmi02,Mike Stanton
starkde01,Denny Stark
staufti01,Tim Stauffer
steinbl01,Blake Stein
stephga01,Garrett Stephenson
stephjo03,John Stephens
stephro01,Robert Stephenson
steveda01,Dave Stevens
stewabr01,Brock Stewart
stewada01,Dave Stewart
stewajo02,Josh Stewart
stewaza01,Zach Stewart
stiebda01,Dave Stieb
stinsjo01,Josh Stinson
stokebr01,Brian Stokes
stottme02,Mel Stottlemyre
stottto01,Todd Stottlemyre
straida01,Dan Straily
strasst01,Stephen Strasburg
stripro01,Ross Stripling
stromma01,Marcus Stroman
stullev01,Everett Stull
stulter01,Eric Stults
sturtta01,Tanyon Sturtze
suareal01,Albert Suarez
suppaje01,Jeff Suppan
surkaer01,Eric Surkamp
sutclri01,Rick Sutcliffe
suzukma01,Mac Suzuki
swanru01,Russ Swan
swartda01,Dave Swartzbaugh
swarzan01,Anthony Swarzak
sweenbr01,Brian Sweeney
swiftbi02,Bill Swift
swindgr01,Greg Swindell
syndeno01,Noah Syndergaard
tadanka01,Kazuhito Tadano
taillja01,Jameson Taillon
takahhi01,Hisanori Takahashi
talbomi01,Mitch Talbot
tallebr01,Brian Tallet
tanakma01,Masahiro Tanaka
tananfr01,Frank Tanana
tankede01,Dennis Tankersley
tapanke01,Kevin Tapani
tatajo01,Jordan Tata
taubety01,Ty Taubenheim
tavarju01,Julian Tavarez
taylogr01,Graham Taylor
tayloke01,Kerry Taylor
taylosc01,Scott Taylor
taylosc02,Scott Taylor
taylowa01,Wade Taylor
tazawju01,Junichi Tazawa
teafoev01,Everett Teaford
teherju01,Julio Teheran
tejedro01,Rob Tejeda
tejermi01,Michael Tejera
telemam01,Amaury Telemaco
telfoan01,Anthony Telford
telghda01,Dave Telgheder
tepesni01,Nick Tepesch
terrewa01,Walt Terrell
terrysc01,Scott Terry
teutna01,Nate Teut
tewksbo01,Bob Tewksbury
thomabr01,Brad Thomas
thomaia01,Ian Thomas
thompaa01,Aaron Thompson
thompbr01,Brad Thompson
thompda02,Daryl Thompson
thompde01,Derek Thompson
thompja03,Jake Thompson
thompju02,Justin Thompson
thompma01,Mark Thompson
thompmi03,Mike Thompson
thomsjo01,John Thomson
thornma01,Matt Thornton
thornty01,Tyler Thornburg
thurmco01,Corey Thurman
thurmmi01,Mike Thurman
tibbsja01,Jay Tibbs
tillmch01,Chris Tillman
timlimi01,Mike Timlin
tollbbr01,Brian Tollberg
tomkobr01,Brett Tomko
tomlijo01,Josh Tomlin
tomlira01,Randy Tomlin
torreca01,Carlos Torres
torredi01,Dilson Torres
torresa01,Salomon Torres
towerjo01,Josh Towers
trabebi01,Billy Traber
trachst01,Steve Trachsel
treinbl01,Blake Treinen
triggan01,Andrew Triggs
trlicri01,Ricky Trlicek
trombmi01,Mike Trombley
tropeni01,Nick Tropeano
tsaoch01,Chin-hui Tsao
tuckery01,Ryan Tucker
tucket.01,T.J. Tucker
tudorjo01,John Tudor
turnbde01,Derrick Turnbow
turneja01,Jacob Turner
ueharko01,Koji Uehara
urbanto01,Tom Urbani
urbinug01,Ugueth Urbina
urenajo01,Jose Urena
uriasju01,Julio Urias
valdece01,Cesar Valdez
valdeis01,Ismael Valdez
valdema01,Marc Valdes
valdeme01,Merkin Valdez
valdera02,Raul Valdes
valdese01,Sergio Valdez
valenfe01,Fernando Valenzuela
valenjo04,Joe Valentine
valerju01,Julio Valera
vanbejo01,John Van Benschoten
vanceco01,Cory Vance
vanderi01,Rick van den Hurk
vanegti01,Tim Van Egmond
vanhean01,Andy Van Hekken
vanlawi01,William VanLandingham
vanpoto01,Todd Van Poppel
vargace01,Cesar Vargas
vargacl01,Claudio Vargas
vargaja01,Jason Vargas
vasquan01,Anthony Vasquez
vasques01,Esmerling Vasquez
vasquvi01,Virgil Vasquez
vazquja01,Javier Vazquez
velasvi01,Vince Velasquez
velasvi03,no_name
ventuyo01,Yordano Ventura
verdury01,Ryan Verdugo
verhadr01,Drew VerHagen
verlaju01,Justin Verlander
verrelo01,Logan Verrett
villaca01,Carlos Villanueva
villaed01,Eduardo Villacis
villael01,Elih Villanueva
villaos01,Oscar Villarreal
villape01,Pedro Villarreal
villoro01,Ron Villone
violafr01,Frank Viola
vitkojo01,Joe Vitko
vogelry01,Ryan Vogelsong
volqued01,Edinson Volquez
volstch01,Chris Volstad
voylebr01,Brad Voyles
wachami01,Michael Wacha
wadats01,Tsuyoshi Wada
wadete01,Terrell Wade
waechdo01,Doug Waechter
wagnehe02,Hector Wagner
wagnema02,Matt Wagner
wagnepa01,Paul Wagner
wagnety01,Tyler Wagner
wainwad01,Adam Wainwright
wakefti01,Tim Wakefield
walkbo01,Bob Walk
walkeja01,Jamie Walker
walkemi01,Mike Walker
walkemi02,Mike Walker
walkepe01,Pete Walker
walketa01,Taijuan Walker
walkety01,Tyler Walker
wallaje01,Jeff Wallace
walldo01,Donne Wall
walrole01,Les Walrond
waltepj01,P.J. Walters
wangch01,Chien-Ming Wang
wareje01,Jeff Ware
warread01,Adam Warren
wasdijo01,John Wasdin
washbja01,Jarrod Washburn
waterch01,Chris Waters
watsoal01,Allen Watson
wayneju01,Justin Wayne
weathda01,David Weathers
weaveje01,Jeff Weaver
weaveje02,Jered Weaver
weaveje04,no_name
weavelu01,Luke Weaver
webbbr01,Brandon Webb
webbjo01,John Webb
weberry01,Ryan Weber
webstal01,Allen Webster
wegmabi01,Bill Wegman
weilaky01,Kyle Weiland
welchbo01,Bob Welch
welchmi03,Mike Welch
welleto01,Todd Wellemeyer
wellsbo01,Bob Wells
wellsda01,David Wells
wellski01,Kip Wells
wellsra01,Randy Wells
wellste01,Terry Wells
wendetu01,Turk Wendell
wengedo01,Don Wengert
wernean01,Andrew Werner
westbja01,Jake Westbrook
westda01,David West
westomi01,Mickey Weston
westse01,Sean West
wettejo01,John Wetteland
whalero01,Robert Whalen
wheelda01,Dan Wheeler
wheelza01,Zack Wheeler
whiteal01,Alex White
whitega01,Gabe White
whitema02,Matt Whiteside
whitema03,Matt White
whiteri01,Rick White
whitewa02,Wally Whitehurst
whitlch01,Chase Whitley
whitsed01,Ed Whitson
wickmbo01,Bob Wickman
wielajo01,Joe Wieland
wilheto01,Tom Wilhelmsen
wilkad01,Adam Wilk
wilkima01,Marc Wilkins
willibr01,Brian Williams
willida07,David Williams
willido03,Dontrelle Willis
willije01,Jerome Williams
willije02,Jeff Williams
willima05,Mark Williamson
willimi02,Mitch Williams
willimi03,Mike Williams
willisc01,Scott Williamson
willish01,Shad Williams
williwo02,Woody Williams
willsfr01,Frank Wills
wilsoal01,Alex Wilson
wilsocj01,C.J. Wilson
wilsokr01,Kris Wilson
wilsopa02,Paul Wilson
wilsost01,Steve Wilson
wilsotr01,Trevor Wilson
wilsoty01,Tyler Wilson
winchsc01,Scott Winchester
windsja01,Jason Windsor
winstda01,Darrin Winston
wisema01,Matt Wise
wislema01,Matt Wisler
witasja01,Jay Witasick
wittbo01,Bobby Witt
wittmi01,Mike Witt
wojcias01,Asher Wojciechowski
wojcist01,Steve Wojciechowski
wolcobo01,Bob Wolcott
wolfra02,Randy Wolf
wolfro01,Ross Wolf
woodabr01,Brad Woodall
woodal02,Alex Wood
woodast01,Steve Woodard
woodke02,Kerry Wood
woodmi01,Mike Wood
woodsja01,Jake Woods
woodske01,Kerry Woodson
woodtr01,Travis Wood
workmbr01,Brandon Workman
worleva01,Vance Worley
worreti01,Tim Worrell
wrighch01,Chase Wright
wrighda02,Dan Wright
wrighda04,Daniel Wright
wrighja01,Jamey Wright
wrighja02,Jaret Wright
wrighmi01,Mike Wright
wrighst01,Steven Wright
wrighwe01,Wesley Wright
yanes01,Esteban Yan
yarnaed01,Ed Yarnall
yatesty01,Tyler Yates
yorkmi01,Mike York
yoshima01,Masato Yoshii
youmash01,Shane Youman
youngan01,Anthony Young
youngch03,Chris Young
youngcl01,Cliff Young
youngcu01,Curt Young
youngja01,Jason Young
youngma01,Matt Young
zambrca01,Carlos Zambrano
zambrvi01,Victor Zambrano
zerbech01,Chad Zerbe
zimmejo02,Jordan Zimmermann
zinkch01,Charlie Zink
zitoba01,Barry Zito
zychto01,Tony Zych
